21ade2ad-43a9-11ed-ac73-2cf05d6d4394.jpg,['P3RV P']
a58939c0-43ba-11ed-948e-2cf05d6d4394.jpg,['P3RV P']
b46662e0-43ba-11ed-8ba5-2cf05d6d4394.jpg,['P3RV P']
f64dba5d-43bb-11ed-a51f-2cf05d6d4394.jpg,['P3RV P']
037eb42c-43be-11ed-b7fd-2cf05d6d4394.jpg,['P3RV P']
77140c0a-43bf-11ed-9f50-2cf05d6d4394.jpg,['P3RV P']
f81fd409-43e9-11ed-bb32-2cf05d6d4394.jpg,['P3RV P']
d6ef356f-43f1-11ed-aea5-2cf05d6d4394.jpg,['P3RV P']
99cd9d3d-43f2-11ed-88b8-2cf05d6d4394.jpg,['P3RV P']
a8b14561-43f6-11ed-97c3-2cf05d6d4394.jpg,['P3RV P']
c85dd685-440e-11ed-8985-2cf05d6d4394.jpg,['P3RV P']
84d9315e-447d-11ed-82b4-2cf05d6d4394.jpg,['P3RV P']
eacffa43-4480-11ed-b9ef-2cf05d6d4394.jpg,['P3RV P']
fd18cfa6-4672-11ed-a2fd-2cf05d6d4394.jpg,['P3RV P']
